{
  "comment": "Initial contents for the BowFolios database. For development purposes only.",
  "collections": [
    {
      "name": "InterestCollection",
      "contents": [
        {
          "name": "Software Engineering",
          "description": "Techniques for development of high quality systems"
        },
        {
          "name": "Algorithms",
          "description": "A set of rules to be followed in computation"
        },
        {
          "name": "Mobile Networks",
          "description": "Networks created using mobile devices."
        },
        {
          "name": "Sailing",
          "description": ""
        },
        {
          "name": "Mars",
          "description": ""
        },
        {
          "name": "Imu Cooking",
          "description": "Hawaiian practice of cooking in a pit."
        },
        {
          "name": "Scuba",
          "description": ""
        },
        {
          "name": "Photography",
          "description": ""
        },
        {
          "name": "Wind surfing",
          "description": ""
        },
        {
          "name": "Psychology",
          "description": ""
        },
        {
          "name": "Motorcycling",
          "description": ""
        },
        {
          "name": "Accreditation",
          "description": ""
        },
        {
          "name": "Paddling",
          "description": ""
        },
        {
          "name": "Crossfit",
          "description": ""
        },
        {
          "name": "Cybersecurity",
          "description": ""
        },
        {
          "name": "Surfing",
          "description": ""
        },
        {
          "name": "Computer Vision",
          "description": ""
        },
        {
          "name": "Martial Arts",
          "description": ""
        },
        {
          "name": "Evolutionary Computation",
          "description": ""
        }
      ]
    },
    {
      "name": "ProfileCollection",
      "contents": [
        {
          "firstName": "Lee",
          "lastName": "Altenberg",
          "username": "altenber",
          "bio": "I am an Associate Professor of Information and Computer Sciences at the University of Hawaii.",
          "interests": [
            "Evolutionary Computation"
          ],
          "title": "Associate Professor, Information and Computer Sciences",
          "picture": "/images/altenberg.jpg"
        },
        {
          "firstName": "Kyungim",
          "lastName": "Baek",
          "username": "baek",
          "bio": "I am an Associate Professor of Information and Computer Sciences at the University of Hawaii.",
          "interests": [
            "Computer Vision"
          ],
          "title": "Associate Professor, Information and Computer Sciences",
          "picture": "/images/baek.jpg"
        },
        {
          "firstName": "Edo",
          "lastName": "Biagioni",
          "username": "esb",
          "bio": "I am an Associate Professor of Information and Computer Sciences at the University of Hawaii.",
          "interests": [
            "Mobile Networks",
            "Sailing"
          ],
          "title": "Associate Professor, Information and Computer Sciences",
          "picture": "/images/biagioni.jpg"
        },
        {
          "firstName": "Kim",
          "lastName": "Binsted",
          "username": "binsted",
          "bio": "I am an Associate Professor of Information and Computer Sciences at the University of Hawaii.",
          "interests": [
            "Mars",
            "Imu Cooking"
          ],
          "title": "Associate Professor, Information and Computer Sciences",
          "picture": "/images/binsted.jpg"
        },
        {
          "firstName": "Henri",
          "lastName": "Casanova",
          "username": "henric",
          "github": "henricasanova",
          "bio": "I am a Professor of Information and Computer Sciences at the University of Hawaii.",
          "interests": [
            "Surfing",
            "Photography"
          ],
          "title": "Professor, Information and Computer Sciences",
          "picture": "/images/casanova.jpg"
        }
      ]
    }
  ]
}
